zip,cbsa
00501,35620
01431,14460
01432,14460
01450,14460
01460,14460
01463,14460
01464,14460
01469,14460
01472,14460
01474,14460
01701,14460
01702,14460
01703,14460
01704,14460
01718,14460
01719,14460
01720,14460
01721,14460
01730,14460
01731,14460
01741,14460
01742,14460
01746,14460
01748,14460
01749,14460
01752,14460
01754,14460
01760,14460
01770,14460
01773,14460
01775,14460
01776,14460
01778,14460
01784,14460
01801,14460
01803,14460
01805,14460
01810,14460
01812,14460
01821,14460
01822,14460
01824,14460
01826,14460
01827,14460
01830,14460
01831,14460
01832,14460
01833,14460
01834,14460
01835,14460
01840,14460
01841,14460
01842,14460
01843,14460
01844,14460
01845,14460
01850,14460
01851,14460
01852,14460
01853,14460
01854,14460
01860,14460
01862,14460
01863,14460
01864,14460
01865,14460
01866,14460
01867,14460
01876,14460
01879,14460
01880,14460
01885,14460
01886,14460
01887,14460
01888,14460
01889,14460
01890,14460
01899,14460
01901,14460
01902,14460
01903,14460
01904,14460
01905,14460
01906,14460
01907,14460
01908,14460
01910,14460
01913,14460
01915,14460
01921,14460
01922,14460
01923,14460
01929,14460
01930,14460
01931,14460
01936,14460
01937,14460
01938,14460
01940,14460
01944,14460
01945,14460
01949,14460
01950,14460
01951,14460
01952,14460
01960,14460
01961,14460
01965,14460
01966,14460
01969,14460
01970,14460
01971,14460
01982,14460
01983,14460
01984,14460
01985,14460
02018,14460
02019,14460
02020,14460
02021,14460
02025,14460
02026,14460
02027,14460
02030,14460
02032,14460
02035,14460
02038,14460
02041,14460
02043,14460
02044,14460
02045,14460
02047,14460
02050,14460
02051,14460
02052,14460
02053,14460
02054,14460
02056,14460
02059,14460
02060,14460
02061,14460
02062,14460
02065,14460
02066,14460
02067,14460
02070,14460
02071,14460
02072,14460
02081,14460
02090,14460
02093,14460
02108,14460
02109,14460
02110,14460
02111,14460
02112,14460
02113,14460
02114,14460
02115,14460
02116,14460
02117,14460
02118,14460
02119,14460
02120,14460
02121,14460
02122,14460
02123,14460
02124,14460
02125,14460
02126,14460
02127,14460
02128,14460
02129,14460
02130,14460
02131,14460
02132,14460
02133,14460
02134,14460
02135,14460
02136,14460
02137,14460
02138,14460
02139,14460
02140,14460
02141,14460
02142,14460
02143,14460
02144,14460
02145,14460
02148,14460
02149,14460
02150,14460
02151,14460
02152,14460
02155,14460
02163,14460
02169,14460
02170,14460
02171,14460
02176,14460
02180,14460
02184,14460
02185,14460
02186,14460
02188,14460
02189,14460
02190,14460
02191,14460
02196,14460
02199,14460
02201,14460
02203,14460
02205,14460
02210,14460
02215,14460
02217,14460
02222,14460
02238,14460
02269,14460
02301,14460
02302,14460
02303,14460
02304,14460
02305,14460
02322,14460
02324,14460
02325,14460
02327,14460
02330,14460
02331,14460
02332,14460
02333,14460
02337,14460
02338,14460
02339,14460
02341,14460
02343,14460
02344,14460
02345,14460
02346,14460
02347,14460
02348,14460
02349,14460
02350,14460
02351,14460
02355,14460
02358,14460
02359,14460
02360,14460
02361,14460
02362,14460
02364,14460
02366,14460
02367,14460
02368,14460
02370,14460
02379,14460
02381,14460
02382,14460
02420,14460
02421,14460
02445,14460
02446,14460
02447,14460
02451,14460
02452,14460
02453,14460
02454,14460
02455,14460
02458,14460
02459,14460
02460,14460
02461,14460
02462,14460
02464,14460
02465,14460
02466,14460
02467,14460
02468,14460
02471,14460
02472,14460
02474,14460
02476,14460
02477,14460
02478,14460
02481,14460
02482,14460
02492,14460
02493,14460
02494,14460
02538,14460
02558,14460
02571,14460
02576,14460
02738,14460
02739,14460
02762,14460
02770,14460
03032,14460
03034,14460
03036,14460
03037,14460
03038,14460
03041,14460
03042,14460
03044,14460
03053,14460
03073,14460
03077,14460
03079,14460
03087,14460
03261,14460
03290,14460
03291,14460
03801,14460
03802,14460
03803,14460
03811,14460
03815,14460
03819,14460
03820,14460
03821,14460
03822,14460
03823,14460
03824,14460
03825,14460
03826,14460
03827,14460
03833,14460
03835,14460
03839,14460
03840,14460
03841,14460
03842,14460
03843,14460
03844,14460
03848,14460
03851,14460
03852,14460
03854,14460
03855,14460
03856,14460
03857,14460
03858,14460
03859,14460
03861,14460
03862,14460
03865,14460
03866,14460
03867,14460
03868,14460
03869,14460
03870,14460
03871,14460
03873,14460
03874,14460
03878,14460
03884,14460
03885,14460
03887,14460
05501,14460
06390,35620
07001,35620
07002,35620
07003,35620
07004,35620
07005,35620
07006,35620
07007,35620
07008,35620
07009,35620
07010,35620
07011,35620
07012,35620
07013,35620
07014,35620
07015,35620
07016,35620
07017,35620
07018,35620
07019,35620
07020,35620
07021,35620
07022,35620
07023,35620
07024,35620
07026,35620
07027,35620
07028,35620
07029,35620
07030,35620
07031,35620
07032,35620
07033,35620
07034,35620
07035,35620
07036,35620
07039,35620
07040,35620
07041,35620
07042,35620
07043,35620
07044,35620
07045,35620
07046,35620
07047,35620
07050,35620
07051,35620
07052,35620
07054,35620
07055,35620
07057,35620
07058,35620
07059,35620
07060,35620
07061,35620
07062,35620
07063,35620
07064,35620
07065,35620
07066,35620
07067,35620
07068,35620
07069,35620
07070,35620
07071,35620
07072,35620
07073,35620
07074,35620
07075,35620
07076,35620
07077,35620
07078,35620
07079,35620
07080,35620
07081,35620
07082,35620
07083,35620
07086,35620
07087,35620
07088,35620
07090,35620
07091,35620
07092,35620
07093,35620
07094,35620
07095,35620
07096,35620
07097,35620
07099,35620
07101,35620
07102,35620
07103,35620
07104,35620
07105,35620
07106,35620
07107,35620
07108,35620
07109,35620
07110,35620
07111,35620
07112,35620
07114,35620
07175,35620
07201,35620
07202,35620
07203,35620
07204,35620
07205,35620
07206,35620
07207,35620
07208,35620
07302,35620
07303,35620
07304,35620
07305,35620
07306,35620
07307,35620
07310,35620
07311,35620
07399,35620
07401,35620
07403,35620
07405,35620
07407,35620
07410,35620
07416,35620
07417,35620
07418,35620
07419,35620
07420,35620
07421,35620
07422,35620
07423,35620
07424,35620
07428,35620
07430,35620
07432,35620
07435,35620
07436,35620
07438,35620
07439,35620
07440,35620
07442,35620
07444,35620
07446,35620
07450,35620
07451,35620
07452,35620
07456,35620
07457,35620
07458,35620
07460,35620
07461,35620
07462,35620
07463,35620
07465,35620
07470,35620
07474,35620
07480,35620
07481,35620
07495,35620
07501,35620
07502,35620
07503,35620
07504,35620
07505,35620
07506,35620
07507,35620
07508,35620
07509,35620
07510,35620
07511,35620
07512,35620
07513,35620
07514,35620
07522,35620
07524,35620
07538,35620
07543,35620
07544,35620
07601,35620
07602,35620
07603,35620
07604,35620
07605,35620
07606,35620
07607,35620
07608,35620
07620,35620
07621,35620
07624,35620
07626,35620
07627,35620
07628,35620
07630,35620
07631,35620
07632,35620
07640,35620
07641,35620
07642,35620
07643,35620
07644,35620
07645,35620
07646,35620
07647,35620
07648,35620
07649,35620
07650,35620
07652,35620
07653,35620
07656,35620
07657,35620
07660,35620
07661,35620
07662,35620
07663,35620
07666,35620
07670,35620
07675,35620
07676,35620
07677,35620
07699,35620
07701,35620
07702,35620
07703,35620
07704,35620
07710,35620
07711,35620
07712,35620
07716,35620
07717,35620
07718,35620
07719,35620
07720,35620
07721,35620
07722,35620
07723,35620
07724,35620
07726,35620
07727,35620
07728,35620
07730,35620
07731,35620
07732,35620
07733,35620
07734,35620
07735,35620
07737,35620
07738,35620
07739,35620
07740,35620
07746,35620
07747,35620
07748,35620
07750,35620
07751,35620
07752,35620
07753,35620
07754,35620
07755,35620
07756,35620
07757,35620
07758,35620
07760,35620
07762,35620
07763,35620
07764,35620
07765,35620
07799,35620
07801,35620
07802,35620
07803,35620
07806,35620
07821,35620
07822,35620
07826,35620
07827,35620
07828,35620
07830,35620
07831,35620
07834,35620
07836,35620
07837,35620
07839,35620
07842,35620
07843,35620
07845,35620
07847,35620
07848,35620
07849,35620
07850,35620
07851,35620
07852,35620
07853,35620
07855,35620
07856,35620
07857,35620
07860,35620
07866,35620
07869,35620
07870,35620
07871,35620
07874,35620
07875,35620
07876,35620
07877,35620
07878,35620
07879,35620
07885,35620
07890,35620
07901,35620
07902,35620
07920,35620
07921,35620
07922,35620
07924,35620
07926,35620
07927,35620
07928,35620
07930,35620
07931,35620
07932,35620
07933,35620
07934,35620
07935,35620
07936,35620
07938,35620
07939,35620
07940,35620
07945,35620
07946,35620
07950,35620
07960,35620
07961,35620
07962,35620
07963,35620
07970,35620
07974,35620
07976,35620
07977,35620
07978,35620
07979,35620
07980,35620
07981,35620
08001,37980
08002,37980
08003,37980
08004,37980
08005,35620
08006,35620
08007,37980
08008,35620
08009,37980
08010,37980
08011,37980
08012,37980
08014,37980
08015,37980
08016,37980
08018,37980
08019,37980
08020,37980
08021,37980
08022,37980
08023,37980
08025,37980
08026,37980
08027,37980
08028,37980
08029,37980
08030,37980
08031,37980
08032,37980
08033,37980
08034,37980
08035,37980
08036,37980
08038,37980
08039,37980
08041,37980
08042,37980
08043,37980
08045,37980
08046,37980
08048,37980
08049,37980
08050,35620
08051,37980
08052,37980
08053,37980
08054,37980
08055,37980
08056,37980
08057,37980
08059,37980
08060,37980
08061,37980
08062,37980
08063,37980
08064,37980
08065,37980
08066,37980
08067,37980
08068,37980
08069,37980
08070,37980
08071,37980
08072,37980
08073,37980
08074,37980
08075,37980
08077,37980
08078,37980
08079,37980
08080,37980
08081,37980
08083,37980
08084,37980
08085,37980
08086,37980
08087,35620
08088,37980
08089,37980
08090,37980
08091,37980
08092,35620
08093,37980
08094,37980
08095,37980
08096,37980
08097,37980
08098,37980
08099,37980
08101,37980
08102,37980
08103,37980
08104,37980
08105,37980
08106,37980
08107,37980
08108,37980
08109,37980
08110,37980
08224,37980
08312,37980
08318,37980
08322,37980
08328,37980
08343,37980
08344,37980
08347,37980
08501,35620
08502,35620
08504,35620
08505,37980
08510,35620
08511,37980
08512,35620
08514,35620
08515,37980
08518,37980
08527,35620
08528,35620
08530,35620
08533,35620
08535,35620
08536,35620
08551,35620
08553,35620
08554,37980
08555,35620
08556,35620
08557,35620
08558,35620
08559,35620
08562,37980
08640,37980
08641,37980
08701,35620
08720,35620
08721,35620
08722,35620
08723,35620
08724,35620
08730,35620
08731,35620
08732,35620
08733,35620
08734,35620
08735,35620
08736,35620
08738,35620
08739,35620
08740,35620
08741,35620
08742,35620
08750,35620
08751,35620
08752,35620
08753,35620
08754,35620
08755,35620
08757,35620
08758,35620
08759,35620
08801,35620
08802,35620
08803,35620
08804,35620
08805,35620
08807,35620
08809,35620
08810,35620
08812,35620
08816,35620
08817,35620
08818,35620
08820,35620
08821,35620
08822,35620
08823,35620
08824,35620
08825,35620
08826,35620
08827,35620
08828,35620
08829,35620
08830,35620
08831,35620
08832,35620
08833,35620
08835,35620
08836,35620
08837,35620
08840,35620
08844,35620
08846,35620
08848,35620
08850,35620
08852,35620
08853,35620
08854,35620
08855,35620
08857,35620
08858,35620
08859,35620
08861,35620
08862,35620
08863,35620
08867,35620
08868,35620
08869,35620
08870,35620
08872,35620
08873,35620
08875,35620
08876,35620
08879,35620
08880,35620
08882,35620
08884,35620
08885,35620
08887,35620
08888,35620
08889,35620
08899,35620
08901,35620
08902,35620
08903,35620
08904,35620
08906,35620
08933,35620
10001,35620
10002,35620
10003,35620
10004,35620
10005,35620
10006,35620
10007,35620
10008,35620
10009,35620
10010,35620
10011,35620
10012,35620
10013,35620
10014,35620
10016,35620
10017,35620
10018,35620
10019,35620
10020,35620
10021,35620
10022,35620
10023,35620
10024,35620
10025,35620
10026,35620
10027,35620
10028,35620
10029,35620
10030,35620
10031,35620
10032,35620
10033,35620
10034,35620
10035,35620
10036,35620
10037,35620
10038,35620
10039,35620
10040,35620
10041,35620
10043,35620
10044,35620
10045,35620
10055,35620
10065,35620
10069,35620
10075,35620
10080,35620
10081,35620
10101,35620
10103,35620
10104,35620
10105,35620
10106,35620
10107,35620
10108,35620
10110,35620
10111,35620
10112,35620
10113,35620
10115,35620
10116,35620
10117,35620
10118,35620
10119,35620
10120,35620
10121,35620
10122,35620
10123,35620
10124,35620
10125,35620
10126,35620
10128,35620
10129,35620
10130,35620
10131,35620
10133,35620
10138,35620
10150,35620
10151,35620
10152,35620
10153,35620
10154,35620
10155,35620
10156,35620
10157,35620
10158,35620
10159,35620
10160,35620
10162,35620
10163,35620
10164,35620
10165,35620
10166,35620
10167,35620
10168,35620
10169,35620
10170,35620
10171,35620
10172,35620
10173,35620
10174,35620
10175,35620
10176,35620
10177,35620
10178,35620
10179,35620
10185,35620
10199,35620
10203,35620
10211,35620
10212,35620
10213,35620
10258,35620
10268,35620
10269,35620
10271,35620
10272,35620
10274,35620
10275,35620
10276,35620
10277,35620
10278,35620
10279,35620
10280,35620
10281,35620
10282,35620
10285,35620
10301,35620
10302,35620
10303,35620
10304,35620
10305,35620
10306,35620
10307,35620
10308,35620
10309,35620
10310,35620
10311,35620
10312,35620
10313,35620
10314,35620
10451,35620
10452,35620
10453,35620
10454,35620
10455,35620
10456,35620
10457,35620
10458,35620
10459,35620
10460,35620
10461,35620
10462,35620
10463,35620
10464,35620
10465,35620
10466,35620
10467,35620
10468,35620
10469,35620
10470,35620
10471,35620
10472,35620
10473,35620
10474,35620
10475,35620
10501,35620
10502,35620
10503,35620
10504,35620
10505,35620
10506,35620
10507,35620
10509,35620
10510,35620
10511,35620
10512,35620
10514,35620
10516,35620
10517,35620
10518,35620
10519,35620
10520,35620
10522,35620
10523,35620
10524,35620
10526,35620
10527,35620
10528,35620
10530,35620
10532,35620
10533,35620
10535,35620
10536,35620
10537,35620
10538,35620
10540,35620
10541,35620
10542,35620
10543,35620
10545,35620
10546,35620
10547,35620
10548,35620
10549,35620
10550,35620
10551,35620
10552,35620
10553,35620
10560,35620
10562,35620
10566,35620
10567,35620
10570,35620
10573,35620
10576,35620
10577,35620
10578,35620
10579,35620
10580,35620
10583,35620
10587,35620
10588,35620
10589,35620
10590,35620
10591,35620
10594,35620
10595,35620
10596,35620
10597,35620
10598,35620
10601,35620
10602,35620
10603,35620
10604,35620
10605,35620
10606,35620
10607,35620
10610,35620
10701,35620
10702,35620
10703,35620
10704,35620
10705,35620
10706,35620
10707,35620
10708,35620
10709,35620
10710,35620
10801,35620
10802,35620
10803,35620
10804,35620
10805,35620
10901,35620
10910,35620
10911,35620
10912,35620
10913,35620
10914,35620
10915,35620
10916,35620
10917,35620
10918,35620
10919,35620
10920,35620
10921,35620
10922,35620
10923,35620
10924,35620
10925,35620
10926,35620
10927,35620
10928,35620
10930,35620
10931,35620
10932,35620
10933,35620
10940,35620
10941,35620
10949,35620
10950,35620
10952,35620
10953,35620
10954,35620
10956,35620
10958,35620
10959,35620
10960,35620
10962,35620
10963,35620
10964,35620
10965,35620
10968,35620
10969,35620
10970,35620
10973,35620
10974,35620
10975,35620
10976,35620
10977,35620
10979,35620
10980,35620
10981,35620
10982,35620
10983,35620
10984,35620
10985,35620
10986,35620
10987,35620
10988,35620
10989,35620
10990,35620
10992,35620
10993,35620
10994,35620
10996,35620
10998,35620
11001,35620
11002,35620
11003,35620
11004,35620
11005,35620
11010,35620
11020,35620
11021,35620
11022,35620
11023,35620
11024,35620
11030,35620
11040,35620
11042,35620
11050,35620
11096,35620
11101,35620
11102,35620
11103,35620
11104,35620
11105,35620
11106,35620
11109,35620
11201,35620
11202,35620
11203,35620
11204,35620
11205,35620
11206,35620
11207,35620
11208,35620
11209,35620
11210,35620
11211,35620
11212,35620
11213,35620
11214,35620
11215,35620
11216,35620
11217,35620
11218,35620
11219,35620
11220,35620
11221,35620
11222,35620
11223,35620
11224,35620
11225,35620
11226,35620
11228,35620
11229,35620
11230,35620
11231,35620
11232,35620
11233,35620
11234,35620
11235,35620
11236,35620
11237,35620
11238,35620
11239,35620
11241,35620
11242,35620
11243,35620
11245,35620
11247,35620
11249,35620
11251,35620
11252,35620
11256,35620
11351,35620
11352,35620
11354,35620
11355,35620
11356,35620
11357,35620
11358,35620
11359,35620
11360,35620
11361,35620
11362,35620
11363,35620
11364,35620
11365,35620
11366,35620
11367,35620
11368,35620
11369,35620
11370,35620
11371,35620
11372,35620
11373,35620
11374,35620
11375,35620
11377,35620
11378,35620
11379,35620
11380,35620
11381,35620
11385,35620
11386,35620
11405,35620
11411,35620
11412,35620
11413,35620
11414,35620
11415,35620
11416,35620
11417,35620
11418,35620
11419,35620
11420,35620
11421,35620
11422,35620
11423,35620
11424,35620
11425,35620
11426,35620
11427,35620
11428,35620
11429,35620
11430,35620
11431,35620
11432,35620
11433,35620
11434,35620
11435,35620
11436,35620
11439,35620
11451,35620
11499,35620
11501,35620
11507,35620
11509,35620
11510,35620
11514,35620
11516,35620
11518,35620
11520,35620
11530,35620
11531,35620
11542,35620
11545,35620
11547,35620
11548,35620
11549,35620
11550,35620
11551,35620
11552,35620
11553,35620
11554,35620
11556,35620
11557,35620
11558,35620
11559,35620
11560,35620
11561,35620
11563,35620
11565,35620
11566,35620
11568,35620
11569,35620
11570,35620
11571,35620
11572,35620
11575,35620
11576,35620
11577,35620
11579,35620
11580,35620
11581,35620
11582,35620
11590,35620
11596,35620
11598,35620
11599,35620
11691,35620
11692,35620
11693,35620
11694,35620
11697,35620
11701,35620
11702,35620
11703,35620
11704,35620
11705,35620
11706,35620
11709,35620
11710,35620
11713,35620
11714,35620
11715,35620
11716,35620
11717,35620
11718,35620
11719,35620
11720,35620
11721,35620
11722,35620
11724,35620
11725,35620
11726,35620
11727,35620
11729,35620
11730,35620
11731,35620
11732,35620
11733,35620
11735,35620
11738,35620
11739,35620
11740,35620
11741,35620
11742,35620
11743,35620
11746,35620
11747,35620
11749,35620
11751,35620
11752,35620
11753,35620
11754,35620
11755,35620
11756,35620
11757,35620
11758,35620
11762,35620
11763,35620
11764,35620
11765,35620
11766,35620
11767,35620
11768,35620
11769,35620
11770,35620
11771,35620
11772,35620
11773,35620
11776,35620
11777,35620
11778,35620
11779,35620
11780,35620
11782,35620
11783,35620
11784,35620
11786,35620
11787,35620
11788,35620
11789,35620
11790,35620
11791,35620
11792,35620
11793,35620
11794,35620
11795,35620
11796,35620
11797,35620
11798,35620
11801,35620
11802,35620
11803,35620
11804,35620
11815,35620
11901,35620
11930,35620
11931,35620
11932,35620
11933,35620
11934,35620
11935,35620
11937,35620
11939,35620
11940,35620
11941,35620
11942,35620
11944,35620
11946,35620
11947,35620
11948,35620
11949,35620
11950,35620
11951,35620
11952,35620
11953,35620
11954,35620
11955,35620
11956,35620
11957,35620
11958,35620
11959,35620
11960,35620
11961,35620
11962,35620
11963,35620
11964,35620
11965,35620
11967,35620
11968,35620
11969,35620
11970,35620
11971,35620
11972,35620
11973,35620
11975,35620
11976,35620
11977,35620
11978,35620
11980,35620
12501,35620
12504,35620
12506,35620
12507,35620
12508,35620
12510,35620
12511,35620
12512,35620
12514,35620
12518,35620
12520,35620
12522,35620
12524,35620
12527,35620
12531,35620
12533,35620
12537,35620
12538,35620
12540,35620
12543,35620
12545,35620
12546,35620
12549,35620
12550,35620
12551,35620
12552,35620
12553,35620
12555,35620
12563,35620
12564,35620
12567,35620
12569,35620
12570,35620
12571,35620
12572,35620
12574,35620
12575,35620
12577,35620
12578,35620
12580,35620
12581,35620
12582,35620
12583,35620
12584,35620
12585,35620
12586,35620
12590,35620
12592,35620
12594,35620
12601,35620
12602,35620
12603,35620
12604,35620
12729,35620
12746,35620
12771,35620
12780,35620
12785,35620
18039,37980
18041,37980
18054,37980
18070,37980
18073,37980
18074,37980
18076,37980
18077,37980
18081,37980
18084,37980
18324,35620
18328,35620
18336,35620
18337,35620
18340,35620
18371,35620
18425,35620
18426,35620
18428,35620
18435,35620
18451,35620
18457,35620
18458,35620
18464,35620
18901,37980
18902,37980
18910,37980
18911,37980
18912,37980
18913,37980
18914,37980
18915,37980
18916,37980
18917,37980
18918,37980
18920,37980
18921,37980
18922,37980
18923,37980
18925,37980
18927,37980
18928,37980
18929,37980
18930,37980
18931,37980
18932,37980
18933,37980
18934,37980
18935,37980
18936,37980
18938,37980
18940,37980
18942,37980
18943,37980
18944,37980
18946,37980
18947,37980
18949,37980
18950,37980
18951,37980
18953,37980
18954,37980
18955,37980
18956,37980
18957,37980
18958,37980
18960,37980
18962,37980
18963,37980
18964,37980
18966,37980
18968,37980
18969,37980
18970,37980
18971,37980
18972,37980
18974,37980
18976,37980
18977,37980
18979,37980
18980,37980
18981,37980
19001,37980
19002,37980
19003,37980
19004,37980
19006,37980
19007,37980
19008,37980
19009,37980
19010,37980
19012,37980
19013,37980
19014,37980
19015,37980
19016,37980
19017,37980
19018,37980
19020,37980
19021,37980
19022,37980
19023,37980
19025,37980
19026,37980
19027,37980
19028,37980
19029,37980
19030,37980
19031,37980
19032,37980
19033,37980
19034,37980
19035,37980
19036,37980
19038,37980
19039,37980
19040,37980
19041,37980
19043,37980
19044,37980
19046,37980
19047,37980
19050,37980
19052,37980
19053,37980
19054,37980
19055,37980
19056,37980
19057,37980
19058,37980
19060,37980
19061,37980
19063,37980
19064,37980
19066,37980
19067,37980
19070,37980
19072,37980
19073,37980
19074,37980
19075,37980
19076,37980
19078,37980
19079,37980
19081,37980
19082,37980
19083,37980
19085,37980
19086,37980
19087,37980
19090,37980
19091,37980
19094,37980
19095,37980
19096,37980
19101,37980
19102,37980
19103,37980
19104,37980
19105,37980
19106,37980
19107,37980
19108,37980
19109,37980
19110,37980
19111,37980
19112,37980
19113,37980
19114,37980
19115,37980
19116,37980
19118,37980
19119,37980
19120,37980
19121,37980
19122,37980
19123,37980
19124,37980
19125,37980
19126,37980
19127,37980
19128,37980
19129,37980
19130,37980
19131,37980
19132,37980
19133,37980
19134,37980
19135,37980
19136,37980
19137,37980
19138,37980
19139,37980
19140,37980
19141,37980
19142,37980
19143,37980
19144,37980
19145,37980
19146,37980
19147,37980
19148,37980
19149,37980
19150,37980
19151,37980
19152,37980
19153,37980
19154,37980
19160,37980
19172,37980
19176,37980
19181,37980
19183,37980
19190,37980
19192,37980
19301,37980
19310,37980
19311,37980
19312,37980
19316,37980
19317,37980
19318,37980
19319,37980
19320,37980
19330,37980
19331,37980
19333,37980
19335,37980
19339,37980
19341,37980
19342,37980
19343,37980
19344,37980
19345,37980
19346,37980
19347,37980
19348,37980
19350,37980
19351,37980
19352,37980
19354,37980
19355,37980
19357,37980
19358,37980
19360,37980
19362,37980
19363,37980
19365,37980
19366,37980
19367,37980
19369,37980
19371,37980
19372,37980
19373,37980
19374,37980
19375,37980
19376,37980
19380,37980
19381,37980
19382,37980
19383,37980
19390,37980
19395,37980
19399,37980
19401,37980
19403,37980
19404,37980
19405,37980
19406,37980
19407,37980
19408,37980
19409,37980
19421,37980
19422,37980
19423,37980
19425,37980
19426,37980
19428,37980
19430,37980
19432,37980
19435,37980
19436,37980
19437,37980
19438,37980
19440,37980
19442,37980
19443,37980
19444,37980
19446,37980
19450,37980
19451,37980
19453,37980
19454,37980
19456,37980
19457,37980
19460,37980
19462,37980
19464,37980
19465,37980
19468,37980
19470,37980
19472,37980
19473,37980
19474,37980
19475,37980
19477,37980
19480,37980
19481,37980
19482,37980
19484,37980
19486,37980
19490,37980
19492,37980
19520,37980
19525,37980
19701,37980
19702,37980
19703,37980
19706,37980
19707,37980
19708,37980
19709,37980
19710,37980
19711,37980
19712,37980
19713,37980
19714,37980
19715,37980
19716,37980
19717,37980
19718,37980
19720,37980
19721,37980
19726,37980
19730,37980
19731,37980
19732,37980
19733,37980
19734,37980
19735,37980
19736,37980
19801,37980
19802,37980
19803,37980
19804,37980
19805,37980
19806,37980
19807,37980
19808,37980
19809,37980
19810,37980
19884,37980
19890,37980
19892,37980
19894,37980
19895,37980
19896,37980
19897,37980
19898,37980
19899,37980
20001,47900
20002,47900
20003,47900
20004,47900
20005,47900
20006,47900
20007,47900
20008,47900
20009,47900
20010,47900
20011,47900
20012,47900
20013,47900
20015,47900
20016,47900
20017,47900
20018,47900
20019,47900
20020,47900
20024,47900
20026,47900
20027,47900
20029,47900
20030,47900
20032,47900
20033,47900
20035,47900
20036,47900
20037,47900
20038,47900
20039,47900
20040,47900
20041,47900
20042,47900
20043,47900
20044,47900
20045,47900
20047,47900
20049,47900
20052,47900
20053,47900
20055,47900
20056,47900
20057,47900
20058,47900
20059,47900
20060,47900
20062,47900
20063,47900
20064,47900
20065,47900
20066,47900
20069,47900
20070,47900
20071,47900
20073,47900
20076,47900
20090,47900
20091,47900
20101,47900
20103,47900
20104,47900
20105,47900
20106,47900
20108,47900
20109,47900
20110,47900
20111,47900
20112,47900
20113,47900
20115,47900
20117,47900
20119,47900
20120,47900
20121,47900
20122,47900
20124,47900
20128,47900
20129,47900
20130,47900
20131,47900
20132,47900
20135,47900
20136,47900
20137,47900
20138,47900
20139,47900
20140,47900
20141,47900
20143,47900
20144,47900
20146,47900
20147,47900
20148,47900
20149,47900
20151,47900
20152,47900
20153,47900
20155,47900
20156,47900
20158,47900
20159,47900
20160,47900
20164,47900
20165,47900
20166,47900
20167,47900
20168,47900
20169,47900
20170,47900
20171,47900
20172,47900
20175,47900
20176,47900
20177,47900
20178,47900
20180,47900
20181,47900
20182,47900
20184,47900
20186,47900
20187,47900
20188,47900
20189,47900
20190,47900
20191,47900
20192,47900
20194,47900
20195,47900
20197,47900
20198,47900
20201,47900
20202,47900
20203,47900
20204,47900
20206,47900
20207,47900
20208,47900
20210,47900
20211,47900
20212,47900
20213,47900
20215,47900
20216,47900
20217,47900
20218,47900
20219,47900
20220,47900
20221,47900
20222,47900
20223,47900
20224,47900
20226,47900
20227,47900
20228,47900
20229,47900
20230,47900
20233,47900
20235,47900
20237,47900
20239,47900
20240,47900
20241,47900
20242,47900
20244,47900
20245,47900
20250,47900
20254,47900
20260,47900
20268,47900
20270,47900
20289,47900
20301,47900
20303,47900
20306,47900
20310,47900
20318,47900
20319,47900
20330,47900
20340,47900
20350,47900
20370,47900
20372,47900
20373,47900
20374,47900
20375,47900
20376,47900
20380,47900
20388,47900
20389,47900
20390,47900
20391,47900
20392,47900
20395,47900
20398,47900
20401,47900
20402,47900
20403,47900
20404,47900
20405,47900
20406,47900
20407,47900
20408,47900
20410,47900
20411,47900
20412,47900
20413,47900
20414,47900
20415,47900
20416,47900
20417,47900
20418,47900
20419,47900
20420,47900
20421,47900
20422,47900
20423,47900
20424,47900
20425,47900
20426,47900
20427,47900
20428,47900
20429,47900
20431,47900
20433,47900
20434,47900
20435,47900
20436,47900
20437,47900
20439,47900
20440,47900
20441,47900
20442,47900
20444,47900
20447,47900
20451,47900
20456,47900
20460,47900
20463,47900
20472,47900
20500,47900
20503,47900
20504,47900
20505,47900
20506,47900
20507,47900
20508,47900
20509,47900
20510,47900
20515,47900
20520,47900
20521,47900
20522,47900
20523,47900
20524,47900
20525,47900
20526,47900
20527,47900
20528,47900
20529,47900
20530,47900
20531,47900
20533,47900
20534,47900
20535,47900
20536,47900
20538,47900
20539,47900
20540,47900
20541,47900
20542,47900
20543,47900
20544,47900
20546,47900
20547,47900
20548,47900
20549,47900
20551,47900
20552,47900
20553,47900
20554,47900
20555,47900
20557,47900
20559,47900
20560,47900
20565,47900
20566,47900
20570,47900
20571,47900
20572,47900
20573,47900
20575,47900
20576,47900
20577,47900
20579,47900
20580,47900
20581,47900
20585,47900
20586,47900
20588,47900
20590,47900
20591,47900
20593,47900
20594,47900
20597,47900
20598,47900
20599,47900
20601,47900
20602,47900
20603,47900
20604,47900
20607,47900
20608,47900
20610,47900
20611,47900
20612,47900
20613,47900
20615,47900
20616,47900
20617,47900
20622,47900
20623,47900
20625,47900
20629,47900
20632,47900
20637,47900
20639,47900
20640,47900
20643,47900
20645,47900
20646,47900
20657,47900
20658,47900
20661,47900
20662,47900
20664,47900
20675,47900
20676,47900
20677,47900
20678,47900
20685,47900
20688,47900
20689,47900
20693,47900
20695,47900
20703,47900
20704,47900
20705,47900
20706,47900
20707,47900
20708,47900
20709,47900
20710,47900
20712,47900
20714,47900
20715,47900
20716,47900
20717,47900
20718,47900
20720,47900
20721,47900
20722,47900
20725,47900
20726,47900
20731,47900
20732,47900
20735,47900
20736,47900
20737,47900
20738,47900
20740,47900
20741,47900
20742,47900
20743,47900
20744,47900
20745,47900
20746,47900
20747,47900
20748,47900
20749,47900
20750,47900
20752,47900
20753,47900
20754,47900
20757,47900
20762,47900
20768,47900
20769,47900
20770,47900
20771,47900
20772,47900
20773,47900
20774,47900
20775,47900
20781,47900
20782,47900
20783,47900
20784,47900
20785,47900
20787,47900
20790,47900
20791,47900
20792,47900
20799,47900
20810,47900
20811,47900
20812,47900
20814,47900
20815,47900
20816,47900
20817,47900
20818,47900
20824,47900
20825,47900
20827,47900
20830,47900
20832,47900
20833,47900
20837,47900
20838,47900
20839,47900
20841,47900
20842,47900
20847,47900
20848,47900
20849,47900
20850,47900
20851,47900
20852,47900
20853,47900
20854,47900
20855,47900
20857,47900
20859,47900
20860,47900
20861,47900
20862,47900
20866,47900
20868,47900
20871,47900
20872,47900
20874,47900
20875,47900
20876,47900
20877,47900
20878,47900
20879,47900
20880,47900
20882,47900
20883,47900
20884,47900
20885,47900
20886,47900
20889,47900
20891,47900
20892,47900
20894,47900
20895,47900
20896,47900
20898,47900
20899,47900
20901,47900
20902,47900
20903,47900
20904,47900
20905,47900
20906,47900
20907,47900
20910,47900
20911,47900
20912,47900
20913,47900
20914,47900
20915,47900
20916,47900
20918,47900
20993,47900
21701,47900
21702,47900
21703,47900
21704,47900
21705,47900
21710,47900
21714,47900
21716,47900
21717,47900
21718,47900
21727,47900
21754,47900
21755,47900
21757,47900
21758,47900
21759,47900
21762,47900
21769,47900
21770,47900
21773,47900
21774,47900
21775,47900
21777,47900
21778,47900
21780,47900
21788,47900
21790,47900
21793,47900
21798,47900
21901,37980
21902,37980
21903,37980
21904,37980
21911,37980
21912,37980
21913,37980
21914,37980
21915,37980
21916,37980
21917,37980
21918,37980
21919,37980
21920,37980
21921,37980
21922,37980
21930,37980
22003,47900
22009,47900
22015,47900
22025,47900
22026,47900
22027,47900
22030,47900
22031,47900
22032,47900
22033,47900
22035,47900
22037,47900
22038,47900
22039,47900
22040,47900
22041,47900
22042,47900
22043,47900
22044,47900
22046,47900
22060,47900
22066,47900
22067,47900
22079,47900
22081,47900
22082,47900
22101,47900
22102,47900
22103,47900
22106,47900
22107,47900
22108,47900
22109,47900
22116,47900
22121,47900
22122,47900
22124,47900
22125,47900
22134,47900
22135,47900
22150,47900
22151,47900
22152,47900
22153,47900
22158,47900
22159,47900
22160,47900
22161,47900
22172,47900
22180,47900
22181,47900
22182,47900
22183,47900
22185,47900
22191,47900
22192,47900
22193,47900
22194,47900
22195,47900
22199,47900
22201,47900
22202,47900
22203,47900
22204,47900
22205,47900
22206,47900
22207,47900
22209,47900
22210,47900
22211,47900
22212,47900
22213,47900
22214,47900
22215,47900
22216,47900
22217,47900
22219,47900
22225,47900
22226,47900
22227,47900
22230,47900
22240,47900
22241,47900
22242,47900
22243,47900
22244,47900
22245,47900
22301,47900
22302,47900
22303,47900
22304,47900
22305,47900
22306,47900
22307,47900
22308,47900
22309,47900
22310,47900
22311,47900
22312,47900
22313,47900
22314,47900
22315,47900
22320,47900
22332,47900
22333,47900
22350,47900
22401,47900
22402,47900
22403,47900
22404,47900
22405,47900
22406,47900
22407,47900
22408,47900
22412,47900
22430,47900
22463,47900
22471,47900
22534,47900
22545,47900
22551,47900
22553,47900
22554,47900
22555,47900
22556,47900
22565,47900
22610,47900
22611,47900
22620,47900
22623,47900
22627,47900
22630,47900
22639,47900
22640,47900
22642,47900
22643,47900
22646,47900
22649,47900
22701,47900
22712,47900
22713,47900
22714,47900
22716,47900
22718,47900
22720,47900
22724,47900
22726,47900
22728,47900
22729,47900
22733,47900
22734,47900
22735,47900
22736,47900
22737,47900
22740,47900
22741,47900
22742,47900
22747,47900
22749,47900
25414,47900
25423,47900
25425,47900
25430,47900
25432,47900
25438,47900
25441,47900
25442,47900
25443,47900
25446,47900
30002,12060
30003,12060
30004,12060
30005,12060
30006,12060
30007,12060
30008,12060
30009,12060
30010,12060
30011,12060
30012,12060
30013,12060
30014,12060
30015,12060
30016,12060
30017,12060
30018,12060
30019,12060
30021,12060
30022,12060
30023,12060
30024,12060
30025,12060
30028,12060
30030,12060
30031,12060
30032,12060
30033,12060
30034,12060
30035,12060
30036,12060
30037,12060
30038,12060
30039,12060
30040,12060
30041,12060
30042,12060
30043,12060
30044,12060
30045,12060
30046,12060
30047,12060
30048,12060
30049,12060
30052,12060
30054,12060
30055,12060
30056,12060
30058,12060
30060,12060
30061,12060
30062,12060
30063,12060
30064,12060
30065,12060
30066,12060
30067,12060
30068,12060
30069,12060
30070,12060
30071,12060
30072,12060
30074,12060
30075,12060
30076,12060
30077,12060
30078,12060
30079,12060
30080,12060
30081,12060
30082,12060
30083,12060
30084,12060
30085,12060
30086,12060
30087,12060
30088,12060
30090,12060
30091,12060
30092,12060
30093,12060
30094,12060
30095,12060
30096,12060
30097,12060
30098,12060
30099,12060
30101,12060
30102,12060
30103,12060
30106,12060
30107,12060
30108,12060
30109,12060
30110,12060
30111,12060
30112,12060
30113,12060
30114,12060
30115,12060
30116,12060
30117,12060
30118,12060
30119,12060
30120,12060
30121,12060
30122,12060
30123,12060
30126,12060
30127,12060
30132,12060
30133,12060
30134,12060
30135,12060
30137,12060
30140,12060
30141,12060
30142,12060
30143,12060
30144,12060
30145,12060
30146,12060
30148,12060
30150,12060
30151,12060
30152,12060
30154,12060
30156,12060
30157,12060
30160,12060
30168,12060
30169,12060
30170,12060
30171,12060
30175,12060
30176,12060
30177,12060
30178,12060
30179,12060
30180,12060
30182,12060
30183,12060
30184,12060
30185,12060
30187,12060
30188,12060
30189,12060
30204,12060
30205,12060
30206,12060
30212,12060
30213,12060
30214,12060
30215,12060
30216,12060
30217,12060
30218,12060
30220,12060
30222,12060
30223,12060
30224,12060
30228,12060
30229,12060
30233,12060
30234,12060
30236,12060
30237,12060
30238,12060
30248,12060
30250,12060
30251,12060
30252,12060
30253,12060
30256,12060
30257,12060
30258,12060
30259,12060
30260,12060
30263,12060
30264,12060
30265,12060
30266,12060
30268,12060
30269,12060
30271,12060
30272,12060
30273,12060
30274,12060
30275,12060
30276,12060
30277,12060
30281,12060
30284,12060
30287,12060
30288,12060
30289,12060
30290,12060
30291,12060
30292,12060
30293,12060
30294,12060
30295,12060
30296,12060
30297,12060
30298,12060
30301,12060
30302,12060
30303,12060
30304,12060
30305,12060
30306,12060
30307,12060
30308,12060
30309,12060
30310,12060
30311,12060
30312,12060
30313,12060
30314,12060
30315,12060
30316,12060
30317,12060
30318,12060
30319,12060
30320,12060
30321,12060
30322,12060
30324,12060
30325,12060
30326,12060
30327,12060
30328,12060
30329,12060
30331,12060
30332,12060
30333,12060
30334,12060
30336,12060
30337,12060
30338,12060
30339,12060
30340,12060
30341,12060
30342,12060
30343,12060
30344,12060
30345,12060
30346,12060
30349,12060
30350,12060
30354,12060
30355,12060
30356,12060
30357,12060
30358,12060
30359,12060
30360,12060
30361,12060
30362,12060
30363,12060
30364,12060
30366,12060
30368,12060
30369,12060
30377,12060
30378,12060
30380,12060
30385,12060
30388,12060
30396,12060
30398,12060
30515,12060
30518,12060
30519,12060
30534,12060
30620,12060
30623,12060
30625,12060
30641,12060
30650,12060
30655,12060
30656,12060
30663,12060
30666,12060
30680,12060
31038,12060
31064,12060
31085,12060
31106,12060
31107,12060
31119,12060
31126,12060
31131,12060
31136,12060
31139,12060
31141,12060
31145,12060
31146,12060
31150,12060
31156,12060
31169,12060
31816,12060
31830,12060
33002,33100
33004,33100
33008,33100
33009,33100
33010,33100
33011,33100
33012,33100
33013,33100
33014,33100
33015,33100
33016,33100
33017,33100
33018,33100
33019,33100
33020,33100
33021,33100
33022,33100
33023,33100
33024,33100
33025,33100
33026,33100
33027,33100
33028,33100
33029,33100
33030,33100
33031,33100
33032,33100
33033,33100
33034,33100
33035,33100
33039,33100
33054,33100
33055,33100
33056,33100
33060,33100
33061,33100
33062,33100
33063,33100
33064,33100
33065,33100
33066,33100
33067,33100
33068,33100
33069,33100
33071,33100
33073,33100
33074,33100
33075,33100
33076,33100
33077,33100
33081,33100
33082,33100
33083,33100
33084,33100
33090,33100
33092,33100
33093,33100
33097,33100
33101,33100
33106,33100
33109,33100
33112,33100
33114,33100
33116,33100
33119,33100
33122,33100
33124,33100
33125,33100
33126,33100
33127,33100
33128,33100
33129,33100
33130,33100
33131,33100
33132,33100
33133,33100
33134,33100
33135,33100
33136,33100
33137,33100
33138,33100
33139,33100
33140,33100
33141,33100
33142,33100
33143,33100
33144,33100
33145,33100
33146,33100
33147,33100
33149,33100
33150,33100
33152,33100
33153,33100
33154,33100
33155,33100
33156,33100
33157,33100
33158,33100
33160,33100
33161,33100
33162,33100
33163,33100
33164,33100
33165,33100
33166,33100
33167,33100
33168,33100
33169,33100
33170,33100
33172,33100
33173,33100
33174,33100
33175,33100
33176,33100
33177,33100
33178,33100
33179,33100
33180,33100
33181,33100
33182,33100
33183,33100
33184,33100
33185,33100
33186,33100
33187,33100
33189,33100
33190,33100
33191,33100
33192,33100
33193,33100
33194,33100
33195,33100
33196,33100
33197,33100
33198,33100
33199,33100
33206,33100
33222,33100
33231,33100
33233,33100
33234,33100
33238,33100
33239,33100
33242,33100
33243,33100
33245,33100
33247,33100
33255,33100
33256,33100
33257,33100
33261,33100
33265,33100
33266,33100
33269,33100
33280,33100
33283,33100
33296,33100
33301,33100
33302,33100
33304,33100
33305,33100
33306,33100
33307,33100
33308,33100
33309,33100
33310,33100
33311,33100
33312,33100
33313,33100
33314,33100
33315,33100
33316,33100
33317,33100
33318,33100
33319,33100
33320,33100
33321,33100
33322,33100
33323,33100
33324,33100
33325,33100
33326,33100
33327,33100
33328,33100
33329,33100
33330,33100
33331,33100
33332,33100
33334,33100
33335,33100
33338,33100
33339,33100
33345,33100
33346,33100
33348,33100
33351,33100
33355,33100
33359,33100
33388,33100
33394,33100
33401,33100
33402,33100
33403,33100
33404,33100
33405,33100
33406,33100
33407,33100
33408,33100
33409,33100
33410,33100
33411,33100
33412,33100
33413,33100
33414,33100
33415,33100
33416,33100
33417,33100
33418,33100
33419,33100
33420,33100
33421,33100
33422,33100
33424,33100
33425,33100
33426,33100
33427,33100
33428,33100
33429,33100
33430,33100
33431,33100
33432,33100
33433,33100
33434,33100
33435,33100
33436,33100
33437,33100
33438,33100
33441,33100
33442,33100
33443,33100
33444,33100
33445,33100
33446,33100
33448,33100
33449,33100
33454,33100
33458,33100
33459,33100
33460,33100
33461,33100
33462,33100
33463,33100
33464,33100
33465,33100
33466,33100
33467,33100
33468,33100
33469,33100
33470,33100
33472,33100
33473,33100
33474,33100
33476,33100
33477,33100
33478,33100
33480,33100
33481,33100
33482,33100
33483,33100
33484,33100
33486,33100
33487,33100
33488,33100
33493,33100
33496,33100
33497,33100
33498,33100
33499,33100
39901,12060
46301,16980
46302,16980
46303,16980
46304,16980
46307,16980
46308,16980
46310,16980
46311,16980
46312,16980
46319,16980
46320,16980
46321,16980
46322,16980
46323,16980
46324,16980
46327,16980
46341,16980
46342,16980
46347,16980
46349,16980
46355,16980
46356,16980
46368,16980
46372,16980
46373,16980
46375,16980
46376,16980
46377,16980
46379,16980
46380,16980
46381,16980
46383,16980
46384,16980
46385,16980
46392,16980
46393,16980
46394,16980
46401,16980
46402,16980
46403,16980
46404,16980
46405,16980
46406,16980
46407,16980
46408,16980
46409,16980
46410,16980
46411,16980
47922,16980
47943,16980
47948,16980
47951,16980
47963,16980
47964,16980
47977,16980
47978,16980
53101,16980
53102,16980
53104,16980
53109,16980
53140,16980
53141,16980
53142,16980
53143,16980
53144,16980
53152,16980
53158,16980
53159,16980
53168,16980
53170,16980
53171,16980
53179,16980
53181,16980
53192,16980
53194,16980
56998,47900
60002,16980
60004,16980
60005,16980
60006,16980
60007,16980
60008,16980
60009,16980
60010,16980
60011,16980
60012,16980
60013,16980
60014,16980
60015,16980
60016,16980
60017,16980
60018,16980
60020,16980
60021,16980
60022,16980
60025,16980
60026,16980
60029,16980
60030,16980
60031,16980
60033,16980
60034,16980
60035,16980
60037,16980
60038,16980
60039,16980
60040,16980
60041,16980
60042,16980
60043,16980
60044,16980
60045,16980
60046,16980
60047,16980
60048,16980
60050,16980
60051,16980
60053,16980
60055,16980
60056,16980
60060,16980
60061,16980
60062,16980
60064,16980
60065,16980
60067,16980
60068,16980
60069,16980
60070,16980
60071,16980
60072,16980
60073,16980
60074,16980
60075,16980
60076,16980
60077,16980
60078,16980
60079,16980
60081,16980
60082,16980
60083,16980
60084,16980
60085,16980
60086,16980
60087,16980
60088,16980
60089,16980
60090,16980
60091,16980
60093,16980
60095,16980
60096,16980
60097,16980
60098,16980
60099,16980
60101,16980
60102,16980
60103,16980
60104,16980
60106,16980
60107,16980
60108,16980
60109,16980
60110,16980
60111,16980
60112,16980
60115,16980
60117,16980
60118,16980
60119,16980
60120,16980
60121,16980
60122,16980
60123,16980
60124,16980
60126,16980
60129,16980
60130,16980
60131,16980
60133,16980
60134,16980
60135,16980
60136,16980
60137,16980
60138,16980
60139,16980
60140,16980
60141,16980
60142,16980
60143,16980
60144,16980
60145,16980
60146,16980
60147,16980
60148,16980
60150,16980
60151,16980
60152,16980
60153,16980
60154,16980
60155,16980
60156,16980
60157,16980
60159,16980
60160,16980
60161,16980
60162,16980
60163,16980
60164,16980
60165,16980
60168,16980
60169,16980
60171,16980
60172,16980
60173,16980
60174,16980
60175,16980
60176,16980
60177,16980
60178,16980
60179,16980
60180,16980
60181,16980
60183,16980
60184,16980
60185,16980
60186,16980
60187,16980
60188,16980
60189,16980
60190,16980
60191,16980
60192,16980
60193,16980
60194,16980
60195,16980
60196,16980
60199,16980
60201,16980
60202,16980
60203,16980
60204,16980
60208,16980
60301,16980
60302,16980
60303,16980
60304,16980
60305,16980
60401,16980
60402,16980
60403,16980
60404,16980
60406,16980
60407,16980
60408,16980
60409,16980
60410,16980
60411,16980
60412,16980
60415,16980
60416,16980
60417,16980
60418,16980
60419,16980
60421,16980
60422,16980
60423,16980
60424,16980
60425,16980
60426,16980
60428,16980
60429,16980
60430,16980
60431,16980
60432,16980
60433,16980
60434,16980
60435,16980
60436,16980
60437,16980
60438,16980
60439,16980
60440,16980
60441,16980
60442,16980
60443,16980
60444,16980
60445,16980
60446,16980
60447,16980
60448,16980
60449,16980
60450,16980
60451,16980
60452,16980
60453,16980
60454,16980
60455,16980
60456,16980
60457,16980
60458,16980
60459,16980
60461,16980
60462,16980
60463,16980
60464,16980
60465,16980
60466,16980
60467,16980
60468,16980
60469,16980
60471,16980
60472,16980
60473,16980
60474,16980
60475,16980
60476,16980
60477,16980
60478,16980
60479,16980
60480,16980
60481,16980
60482,16980
60484,16980
60487,16980
60490,16980
60491,16980
60499,16980
60501,16980
60502,16980
60503,16980
60504,16980
60505,16980
60506,16980
60507,16980
60510,16980
60511,16980
60512,16980
60513,16980
60514,16980
60515,16980
60516,16980
60517,16980
60519,16980
60520,16980
60521,16980
60522,16980
60523,16980
60525,16980
60526,16980
60527,16980
60532,16980
60534,16980
60536,16980
60538,16980
60539,16980
60540,16980
60541,16980
60542,16980
60543,16980
60544,16980
60545,16980
60546,16980
60548,16980
60550,16980
60554,16980
60555,16980
60556,16980
60558,16980
60559,16980
60560,16980
60561,16980
60563,16980
60564,16980
60565,16980
60566,16980
60567,16980
60569,16980
60585,16980
60586,16980
60598,16980
60599,16980
60601,16980
60602,16980
60603,16980
60604,16980
60605,16980
60606,16980
60607,16980
60608,16980
60609,16980
60610,16980
60611,16980
60612,16980
60613,16980
60614,16980
60615,16980
60616,16980
60617,16980
60618,16980
60619,16980
60620,16980
60621,16980
60622,16980
60623,16980
60624,16980
60625,16980
60626,16980
60628,16980
60629,16980
60630,16980
60631,16980
60632,16980
60633,16980
60634,16980
60636,16980
60637,16980
60638,16980
60639,16980
60640,16980
60641,16980
60642,16980
60643,16980
60644,16980
60645,16980
60646,16980
60647,16980
60649,16980
60651,16980
60652,16980
60653,16980
60654,16980
60655,16980
60656,16980
60657,16980
60659,16980
60660,16980
60661,16980
60666,16980
60668,16980
60669,16980
60670,16980
60673,16980
60674,16980
60675,16980
60677,16980
60678,16980
60681,16980
60682,16980
60684,16980
60685,16980
60686,16980
60687,16980
60688,16980
60689,16980
60690,16980
60693,16980
60694,16980
60695,16980
60697,16980
60699,16980
60701,16980
60706,16980
60707,16980
60712,16980
60714,16980
60803,16980
60804,16980
60805,16980
60827,16980
75001,19100
75002,19100
75006,19100
75007,19100
75009,19100
75010,19100
75011,19100
75013,19100
75014,19100
75015,19100
75016,19100
75017,19100
75019,19100
75022,19100
75023,19100
75024,19100
75025,19100
75026,19100
75027,19100
75028,19100
75029,19100
75030,19100
75032,19100
75033,19100
75034,19100
75035,19100
75038,19100
75039,19100
75040,19100
75041,19100
75042,19100
75043,19100
75044,19100
75045,19100
75046,19100
75047,19100
75048,19100
75049,19100
75050,19100
75051,19100
75052,19100
75053,19100
75054,19100
75056,19100
75057,19100
75060,19100
75061,19100
75062,19100
75063,19100
75065,19100
75067,19100
75068,19100
75069,19100
75070,19100
75071,19100
75074,19100
75075,19100
75077,19100
75078,19100
75080,19100
75081,19100
75082,19100
75083,19100
75085,19100
75086,19100
75087,19100
75088,19100
75089,19100
75093,19100
75094,19100
75097,19100
75098,19100
75099,19100
75101,19100
75104,19100
75106,19100
75114,19100
75115,19100
75116,19100
75118,19100
75119,19100
75121,19100
75123,19100
75125,19100
75126,19100
75132,19100
75134,19100
75135,19100
75137,19100
75138,19100
75141,19100
75142,19100
75146,19100
75147,19100
75149,19100
75150,19100
75152,19100
75154,19100
75157,19100
75158,19100
75159,19100
75160,19100
75161,19100
75164,19100
75165,19100
75166,19100
75167,19100
75168,19100
75172,19100
75173,19100
75180,19100
75181,19100
75182,19100
75185,19100
75187,19100
75189,19100
75201,19100
75202,19100
75203,19100
75204,19100
75205,19100
75206,19100
75207,19100
75208,19100
75209,19100
75210,19100
75211,19100
75212,19100
75214,19100
75215,19100
75216,19100
75217,19100
75218,19100
75219,19100
75220,19100
75221,19100
75222,19100
75223,19100
75224,19100
75225,19100
75226,19100
75227,19100
75228,19100
75229,19100
75230,19100
75231,19100
75232,19100
75233,19100
75234,19100
75235,19100
75236,19100
75237,19100
75238,19100
75240,19100
75241,19100
75242,19100
75243,19100
75244,19100
75246,19100
75247,19100
75248,19100
75249,19100
75250,19100
75251,19100
75252,19100
75253,19100
75254,19100
75260,19100
75261,19100
75270,19100
75287,19100
75313,19100
75315,19100
75336,19100
75339,19100
75342,19100
75354,19100
75355,19100
75356,19100
75357,19100
75360,19100
75367,19100
75370,19100
75371,19100
75372,19100
75374,19100
75376,19100
75378,19100
75379,19100
75380,19100
75381,19100
75382,19100
75390,19100
75398,19100
75401,19100
75402,19100
75403,19100
75404,19100
75407,19100
75409,19100
75422,19100
75423,19100
75424,19100
75428,19100
75442,19100
75453,19100
75454,19100
75458,19100
75474,19100
75485,19100
75496,19100
76001,19100
76002,19100
76003,19100
76004,19100
76005,19100
76006,19100
76007,19100
76008,19100
76009,19100
76010,19100
76011,19100
76012,19100
76013,19100
76014,19100
76015,19100
76016,19100
76017,19100
76018,19100
76019,19100
76020,19100
76021,19100
76022,19100
76023,19100
76028,19100
76031,19100
76033,19100
76034,19100
76035,19100
76036,19100
76039,19100
76040,19100
76041,19100
76043,19100
76044,19100
76048,19100
76049,19100
76050,19100
76051,19100
76052,19100
76053,19100
76054,19100
76058,19100
76059,19100
76060,19100
76061,19100
76063,19100
76064,19100
76065,19100
76066,19100
76070,19100
76071,19100
76073,19100
76077,19100
76078,19100
76082,19100
76084,19100
76085,19100
76086,19100
76087,19100
76088,19100
76092,19100
76093,19100
76094,19100
76095,19100
76096,19100
76097,19100
76098,19100
76099,19100
76101,19100
76102,19100
76103,19100
76104,19100
76105,19100
76106,19100
76107,19100
76108,19100
76109,19100
76110,19100
76111,19100
76112,19100
76113,19100
76114,19100
76115,19100
76116,19100
76117,19100
76118,19100
76119,19100
76120,19100
76121,19100
76122,19100
76123,19100
76124,19100
76126,19100
76127,19100
76129,19100
76130,19100
76131,19100
76132,19100
76133,19100
76134,19100
76135,19100
76136,19100
76137,19100
76140,19100
76147,19100
76148,19100
76155,19100
76161,19100
76162,19100
76163,19100
76164,19100
76177,19100
76179,19100
76180,19100
76182,19100
76185,19100
76190,19100
76191,19100
76192,19100
76193,19100
76195,19100
76196,19100
76197,19100
76199,19100
76201,19100
76202,19100
76203,19100
76204,19100
76205,19100
76206,19100
76207,19100
76208,19100
76209,19100
76210,19100
76225,19100
76226,19100
76227,19100
76234,19100
76244,19100
76246,19100
76247,19100
76248,19100
76249,19100
76258,19100
76259,19100
76262,19100
76266,19100
76267,19100
76426,19100
76431,19100
76439,19100
76462,19100
76467,19100
76476,19100
76485,19100
76487,19100
76490,19100
76623,19100
76651,19100
76670,19100
77001,26420
77002,26420
77003,26420
77004,26420
77005,26420
77006,26420
77007,26420
77008,26420
77009,26420
77010,26420
77011,26420
77012,26420
77013,26420
77014,26420
77015,26420
77016,26420
77017,26420
77018,26420
77019,26420
77020,26420
77021,26420
77022,26420
77023,26420
77024,26420
77025,26420
77026,26420
77027,26420
77028,26420
77029,26420
77030,26420
77031,26420
77032,26420
77033,26420
77034,26420
77035,26420
77036,26420
77037,26420
77038,26420
77039,26420
77040,26420
77041,26420
77042,26420
77043,26420
77044,26420
77045,26420
77046,26420
77047,26420
77048,26420
77049,26420
77050,26420
77051,26420
77052,26420
77053,26420
77054,26420
77055,26420
77056,26420
77057,26420
77058,26420
77059,26420
77060,26420
77061,26420
77062,26420
77063,26420
77064,26420
77065,26420
77066,26420
77067,26420
77068,26420
77069,26420
77070,26420
77071,26420
77072,26420
77073,26420
77074,26420
77075,26420
77076,26420
77077,26420
77078,26420
77079,26420
77080,26420
77081,26420
77082,26420
77083,26420
77084,26420
77085,26420
77086,26420
77087,26420
77088,26420
77089,26420
77090,26420
77091,26420
77092,26420
77093,26420
77094,26420
77095,26420
77096,26420
77098,26420
77099,26420
77201,26420
77204,26420
77205,26420
77206,26420
77207,26420
77208,26420
77210,26420
77215,26420
77217,26420
77218,26420
77219,26420
77220,26420
77221,26420
77222,26420
77223,26420
77224,26420
77225,26420
77226,26420
77227,26420
77228,26420
77230,26420
77231,26420
77233,26420
77234,26420
77235,26420
77236,26420
77237,26420
77238,26420
77240,26420
77241,26420
77242,26420
77243,26420
77244,26420
77245,26420
77248,26420
77249,26420
77251,26420
77252,26420
77253,26420
77254,26420
77255,26420
77256,26420
77257,26420
77258,26420
77259,26420
77261,26420
77262,26420
77263,26420
77265,26420
77266,26420
77267,26420
77268,26420
77269,26420
77270,26420
77271,26420
77272,26420
77273,26420
77274,26420
77275,26420
77277,26420
77279,26420
77280,26420
77282,26420
77284,26420
77287,26420
77288,26420
77289,26420
77290,26420
77291,26420
77292,26420
77293,26420
77301,26420
77302,26420
77303,26420
77304,26420
77305,26420
77306,26420
77315,26420
77316,26420
77318,26420
77325,26420
77327,26420
77328,26420
77333,26420
77336,26420
77338,26420
77339,26420
77345,26420
77346,26420
77347,26420
77353,26420
77354,26420
77355,26420
77356,26420
77357,26420
77362,26420
77365,26420
77368,26420
77369,26420
77372,26420
77373,26420
77375,26420
77377,26420
77378,26420
77379,26420
77380,26420
77381,26420
77382,26420
77383,26420
77384,26420
77385,26420
77386,26420
77387,26420
77388,26420
77389,26420
77391,26420
77393,26420
77396,26420
77401,26420
77402,26420
77406,26420
77407,26420
77410,26420
77411,26420
77413,26420
77417,26420
77418,26420
77422,26420
77423,26420
77429,26420
77430,26420
77431,26420
77433,26420
77441,26420
77444,26420
77445,26420
77446,26420
77447,26420
77449,26420
77450,26420
77451,26420
77452,26420
77459,26420
77461,26420
77463,26420
77464,26420
77466,26420
77469,26420
77471,26420
77473,26420
77474,26420
77476,26420
77477,26420
77478,26420
77479,26420
77480,26420
77481,26420
77484,26420
77485,26420
77486,26420
77487,26420
77489,26420
77491,26420
77492,26420
77493,26420
77494,26420
77496,26420
77497,26420
77498,26420
77501,26420
77502,26420
77503,26420
77504,26420
77505,26420
77506,26420
77507,26420
77508,26420
77510,26420
77511,26420
77512,26420
77514,26420
77515,26420
77516,26420
77517,26420
77518,26420
77520,26420
77521,26420
77522,26420
77523,26420
77530,26420
77531,26420
77532,26420
77533,26420
77534,26420
77535,26420
77536,26420
77538,26420
77539,26420
77541,26420
77542,26420
77545,26420
77546,26420
77547,26420
77549,26420
77550,26420
77551,26420
77552,26420
77553,26420
77554,26420
77555,26420
77560,26420
77561,26420
77562,26420
77563,26420
77564,26420
77565,26420
77566,26420
77568,26420
77571,26420
77572,26420
77573,26420
77574,26420
77575,26420
77577,26420
77578,26420
77580,26420
77581,26420
77582,26420
77583,26420
77584,26420
77586,26420
77587,26420
77588,26420
77590,26420
77591,26420
77597,26420
77598,26420
77623,26420
77650,26420
77661,26420
77665,26420
78931,26420
78933,26420
78944,26420
78950,26420
90001,31080
90002,31080
90003,31080
90004,31080
90005,31080
90006,31080
90007,31080
90008,31080
90009,31080
90010,31080
90011,31080
90012,31080
90013,31080
90014,31080
90015,31080
90016,31080
90017,31080
90018,31080
90019,31080
90020,31080
90021,31080
90022,31080
90023,31080
90024,31080
90025,31080
90026,31080
90027,31080
90028,31080
90029,31080
90030,31080
90031,31080
90032,31080
90033,31080
90034,31080
90035,31080
90036,31080
90037,31080
90038,31080
90039,31080
90040,31080
90041,31080
90042,31080
90043,31080
90044,31080
90045,31080
90046,31080
90047,31080
90048,31080
90049,31080
90050,31080
90051,31080
90052,31080
90053,31080
90054,31080
90055,31080
90056,31080
90057,31080
90058,31080
90059,31080
90060,31080
90061,31080
90062,31080
90063,31080
90064,31080
90065,31080
90066,31080
90067,31080
90068,31080
90069,31080
90070,31080
90071,31080
90072,31080
90073,31080
90074,31080
90075,31080
90076,31080
90077,31080
90078,31080
90079,31080
90081,31080
90082,31080
90083,31080
90084,31080
90086,31080
90087,31080
90089,31080
90090,31080
90091,31080
90093,31080
90094,31080
90095,31080
90099,31080
90201,31080
90202,31080
90209,31080
90210,31080
90211,31080
90212,31080
90213,31080
90220,31080
90221,31080
90222,31080
90223,31080
90224,31080
90230,31080
90231,31080
90232,31080
90239,31080
90240,31080
90241,31080
90242,31080
90245,31080
90247,31080
90248,31080
90249,31080
90250,31080
90251,31080
90254,31080
90255,31080
90260,31080
90261,31080
90262,31080
90263,31080
90264,31080
90265,31080
90266,31080
90267,31080
90270,31080
90272,31080
90274,31080
90275,31080
90277,31080
90278,31080
90280,31080
90290,31080
90291,31080
90292,31080
90293,31080
90294,31080
90295,31080
90296,31080
90301,31080
90302,31080
90303,31080
90304,31080
90305,31080
90306,31080
90307,31080
90308,31080
90309,31080
90310,31080
90401,31080
90402,31080
90403,31080
90404,31080
90405,31080
90406,31080
90408,31080
90409,31080
90501,31080
90502,31080
90503,31080
90504,31080
90505,31080
90506,31080
90507,31080
90508,31080
90509,31080
90510,31080
90601,31080
90602,31080
90603,31080
90604,31080
90605,31080
90606,31080
90607,31080
90608,31080
90609,31080
90610,31080
90620,31080
90621,31080
90622,31080
90623,31080
90624,31080
90630,31080
90631,31080
90632,31080
90633,31080
90637,31080
90638,31080
90639,31080
90640,31080
90650,31080
90651,31080
90652,31080
90660,31080
90661,31080
90662,31080
90670,31080
90671,31080
90680,31080
90701,31080
90702,31080
90703,31080
90704,31080
90706,31080
90707,31080
90710,31080
90711,31080
90712,31080
90713,31080
90714,31080
90715,31080
90716,31080
90717,31080
90720,31080
90721,31080
90723,31080
90731,31080
90732,31080
90733,31080
90734,31080
90740,31080
90742,31080
90743,31080
90744,31080
90745,31080
90746,31080
90747,31080
90748,31080
90749,31080
90755,31080
90801,31080
90802,31080
90803,31080
90804,31080
90805,31080
90806,31080
90807,31080
90808,31080
90809,31080
90810,31080
90813,31080
90814,31080
90815,31080
90822,31080
90831,31080
90832,31080
90833,31080
90840,31080
90844,31080
90846,31080
90853,31080
90895,31080
90899,31080
91001,31080
91003,31080
91006,31080
91007,31080
91008,31080
91009,31080
91010,31080
91011,31080
91012,31080
91016,31080
91017,31080
91020,31080
91021,31080
91023,31080
91024,31080
91025,31080
91030,31080
91031,31080
91040,31080
91041,31080
91042,31080
91043,31080
91046,31080
91066,31080
91077,31080
91101,31080
91102,31080
91103,31080
91104,31080
91105,31080
91106,31080
91107,31080
91108,31080
91109,31080
91114,31080
91115,31080
91116,31080
91117,31080
91118,31080
91121,31080
91123,31080
91124,31080
91125,31080
91126,31080
91129,31080
91182,31080
91184,31080
91185,31080
91188,31080
91189,31080
91199,31080
91201,31080
91202,31080
91203,31080
91204,31080
91205,31080
91206,31080
91207,31080
91208,31080
91209,31080
91210,31080
91214,31080
91221,31080
91222,31080
91224,31080
91225,31080
91226,31080
91301,31080
91302,31080
91303,31080
91304,31080
91305,31080
91306,31080
91307,31080
91308,31080
91309,31080
91310,31080
91311,31080
91313,31080
91316,31080
91321,31080
91322,31080
91324,31080
91325,31080
91326,31080
91327,31080
91328,31080
91329,31080
91330,31080
91331,31080
91333,31080
91334,31080
91335,31080
91337,31080
91340,31080
91341,31080
91342,31080
91343,31080
91344,31080
91345,31080
91346,31080
91350,31080
91351,31080
91352,31080
91353,31080
91354,31080
91355,31080
91356,31080
91357,31080
91364,31080
91365,31080
91367,31080
91371,31080
91372,31080
91376,31080
91380,31080
91381,31080
91382,31080
91383,31080
91384,31080
91385,31080
91386,31080
91387,31080
91390,31080
91392,31080
91393,31080
91394,31080
91395,31080
91396,31080
91401,31080
91402,31080
91403,31080
91404,31080
91405,31080
91406,31080
91407,31080
91408,31080
91409,31080
91411,31080
91412,31080
91413,31080
91416,31080
91423,31080
91426,31080
91436,31080
91470,31080
91482,31080
91495,31080
91496,31080
91499,31080
91501,31080
91502,31080
91503,31080
91504,31080
91505,31080
91506,31080
91507,31080
91508,31080
91510,31080
91521,31080
91522,31080
91523,31080
91601,31080
91602,31080
91603,31080
91604,31080
91605,31080
91606,31080
91607,31080
91608,31080
91609,31080
91610,31080
91611,31080
91612,31080
91614,31080
91615,31080
91617,31080
91702,31080
91706,31080
91711,31080
91714,31080
91715,31080
91716,31080
91722,31080
91723,31080
91724,31080
91731,31080
91732,31080
91733,31080
91734,31080
91740,31080
91741,31080
91744,31080
91745,31080
91746,31080
91747,31080
91748,31080
91750,31080
91754,31080
91755,31080
91756,31080
91765,31080
91766,31080
91767,31080
91768,31080
91769,31080
91770,31080
91771,31080
91772,31080
91773,31080
91775,31080
91776,31080
91778,31080
91780,31080
91788,31080
91789,31080
91790,31080
91791,31080
91792,31080
91793,31080
91801,31080
91802,31080
91803,31080
91804,31080
91896,31080
91899,31080
92602,31080
92603,31080
92604,31080
92605,31080
92606,31080
92607,31080
92609,31080
92610,31080
92612,31080
92614,31080
92615,31080
92616,31080
92617,31080
92618,31080
92619,31080
92620,31080
92623,31080
92624,31080
92625,31080
92626,31080
92627,31080
92628,31080
92629,31080
92630,31080
92637,31080
92646,31080
92647,31080
92648,31080
92649,31080
92650,31080
92651,31080
92652,31080
92653,31080
92654,31080
92655,31080
92656,31080
92657,31080
92658,31080
92659,31080
92660,31080
92661,31080
92662,31080
92663,31080
92672,31080
92673,31080
92674,31080
92675,31080
92676,31080
92677,31080
92678,31080
92679,31080
92683,31080
92684,31080
92685,31080
92688,31080
92690,31080
92691,31080
92692,31080
92693,31080
92694,31080
92697,31080
92698,31080
92701,31080
92702,31080
92703,31080
92704,31080
92705,31080
92706,31080
92707,31080
92708,31080
92711,31080
92728,31080
92735,31080
92780,31080
92781,31080
92782,31080
92799,31080
92801,31080
92802,31080
92803,31080
92804,31080
92805,31080
92806,31080
92807,31080
92808,31080
92809,31080
92811,31080
92812,31080
92814,31080
92815,31080
92816,31080
92817,31080
92821,31080
92822,31080
92823,31080
92825,31080
92831,31080
92832,31080
92833,31080
92834,31080
92835,31080
92836,31080
92837,31080
92838,31080
92840,31080
92841,31080
92842,31080
92843,31080
92844,31080
92845,31080
92846,31080
92856,31080
92857,31080
92859,31080
92861,31080
92862,31080
92863,31080
92864,31080
92865,31080
92866,31080
92867,31080
92868,31080
92869,31080
92870,31080
92871,31080
92885,31080
92886,31080
92887,31080
92899,31080
93510,31080
93532,31080
93534,31080
93535,31080
93536,31080
93539,31080
93543,31080
93544,31080
93550,31080
93551,31080
93552,31080
93553,31080
93563,31080
93584,31080
93586,31080
93590,31080
93591,31080
93599,31080
